{
  "Reptiles" : {
    "transaction" : "Reptiles",
    "sampleCount" : 25,
    "errorCount" : 0,
    "errorPct" : 0.0,
    "meanResTime" : 3.8800000000000003,
    "medianResTime" : 3.0,
    "minResTime" : 3.0,
    "maxResTime" : 8.0,
    "pct1ResTime" : 5.800000000000004,
    "pct2ResTime" : 7.699999999999999,
    "pct3ResTime" : 8.0,
    "throughput" : 12.696800406297614,
    "receivedKBytesPerSec" : 43.47166232859319,
    "sentKBytesPerSec" : 3.124603224987303
  },
  "Total" : {
    "transaction" : "Total",
    "sampleCount" : 675,
    "errorCount" : 0,
    "errorPct" : 0.0,
    "meanResTime" : 9.223703703703706,
    "medianResTime" : 3.0,
    "minResTime" : 1.0,
    "maxResTime" : 905.0,
    "pct1ResTime" : 9.399999999999977,
    "pct2ResTime" : 21.799999999999727,
    "pct3ResTime" : 90.44000000000005,
    "throughput" : 28.473804100227788,
    "receivedKBytesPerSec" : 97.13410667394331,
    "sentKBytesPerSec" : 21.17141856228381
  },
  "Dogs" : {
    "transaction" : "Dogs",
    "sampleCount" : 25,
    "errorCount" : 0,
    "errorPct" : 0.0,
    "meanResTime" : 2.96,
    "medianResTime" : 3.0,
    "minResTime" : 1.0,
    "maxResTime" : 6.0,
    "pct1ResTime" : 4.0,
    "pct2ResTime" : 5.399999999999999,
    "pct3ResTime" : 6.0,
    "throughput" : 13.412017167381975,
    "receivedKBytesPerSec" : 53.569482631437765,
    "sentKBytesPerSec" : 3.2482229077253217
  },
  "Main Catalog" : {
    "transaction" : "Main Catalog",
    "sampleCount" : 75,
    "errorCount" : 0,
    "errorPct" : 0.0,
    "meanResTime" : 3.186666666666666,
    "medianResTime" : 3.0,
    "minResTime" : 1.0,
    "maxResTime" : 8.0,
    "pct1ResTime" : 5.0,
    "pct2ResTime" : 6.200000000000003,
    "pct3ResTime" : 8.0,
    "throughput" : 4.2893909064912785,
    "receivedKBytesPerSec" : 21.53910941521304,
    "sentKBytesPerSec" : 1.8640419466685731
  },
  "Birds" : {
    "transaction" : "Birds",
    "sampleCount" : 25,
    "errorCount" : 0,
    "errorPct" : 0.0,
    "meanResTime" : 10.799999999999997,
    "medianResTime" : 4.0,
    "minResTime" : 2.0,
    "maxResTime" : 70.0,
    "pct1ResTime" : 48.400000000000006,
    "pct2ResTime" : 63.69999999999999,
    "pct3ResTime" : 70.0,
    "throughput" : 12.46261216350947,
    "receivedKBytesPerSec" : 42.64550099700898,
    "sentKBytesPerSec" : 3.0304594030408776
  },
  "Login" : {
    "transaction" : "Login",
    "sampleCount" : 75,
    "errorCount" : 0,
    "errorPct" : 0.0,
    "meanResTime" : 29.879999999999992,
    "medianResTime" : 8.0,
    "minResTime" : 4.0,
    "maxResTime" : 905.0,
    "pct1ResTime" : 79.60000000000002,
    "pct2ResTime" : 98.0,
    "pct3ResTime" : 905.0,
    "throughput" : 4.277891854893908,
    "receivedKBytesPerSec" : 22.19156399726215,
    "sentKBytesPerSec" : 7.152100444900753
  },
  "Sign Out" : {
    "transaction" : "Sign Out",
    "sampleCount" : 75,
    "errorCount" : 0,
    "errorPct" : 0.0,
    "meanResTime" : 6.4799999999999995,
    "medianResTime" : 5.0,
    "minResTime" : 3.0,
    "maxResTime" : 46.0,
    "pct1ResTime" : 10.400000000000006,
    "pct2ResTime" : 12.200000000000003,
    "pct3ResTime" : 46.0,
    "throughput" : 4.266697007623165,
    "receivedKBytesPerSec" : 22.129324030748663,
    "sentKBytesPerSec" : 5.335037938047559
  },
  "Login-0" : {
    "transaction" : "Login-0",
    "sampleCount" : 75,
    "errorCount" : 0,
    "errorPct" : 0.0,
    "meanResTime" : 10.893333333333336,
    "medianResTime" : 4.0,
    "minResTime" : 2.0,
    "maxResTime" : 78.0,
    "pct1ResTime" : 41.80000000000004,
    "pct2ResTime" : 63.2,
    "pct3ResTime" : 78.0,
    "throughput" : 4.278379920136908,
    "receivedKBytesPerSec" : 1.015279609954364,
    "sentKBytesPerSec" : 4.019337385909869
  },
  "Sign Out-0" : {
    "transaction" : "Sign Out-0",
    "sampleCount" : 75,
    "errorCount" : 0,
    "errorPct" : 0.0,
    "meanResTime" : 2.5866666666666673,
    "medianResTime" : 2.0,
    "minResTime" : 1.0,
    "maxResTime" : 6.0,
    "pct1ResTime" : 4.0,
    "pct2ResTime" : 5.0,
    "pct3ResTime" : 6.0,
    "throughput" : 4.267182521620391,
    "receivedKBytesPerSec" : 1.3876677536128812,
    "sentKBytesPerSec" : 2.696159269031634
  },
  "Home" : {
    "transaction" : "Home",
    "sampleCount" : 75,
    "errorCount" : 0,
    "errorPct" : 0.0,
    "meanResTime" : 1.7066666666666674,
    "medianResTime" : 2.0,
    "minResTime" : 1.0,
    "maxResTime" : 4.0,
    "pct1ResTime" : 3.0,
    "pct2ResTime" : 3.0,
    "pct3ResTime" : 4.0,
    "throughput" : 4.279844784295824,
    "receivedKBytesPerSec" : 5.646553030843415,
    "sentKBytesPerSec" : 0.7230597145343528
  },
  "Login-1" : {
    "transaction" : "Login-1",
    "sampleCount" : 75,
    "errorCount" : 0,
    "errorPct" : 0.0,
    "meanResTime" : 18.706666666666674,
    "medianResTime" : 3.0,
    "minResTime" : 1.0,
    "maxResTime" : 898.0,
    "pct1ResTime" : 21.400000000000034,
    "pct2ResTime" : 46.00000000000006,
    "pct3ResTime" : 898.0,
    "throughput" : 4.279112226850003,
    "receivedKBytesPerSec" : 21.18244128701432,
    "sentKBytesPerSec" : 3.1341154005249043
  },
  "Sign Out-1" : {
    "transaction" : "Sign Out-1",
    "sampleCount" : 75,
    "errorCount" : 0,
    "errorPct" : 0.0,
    "meanResTime" : 3.6933333333333325,
    "medianResTime" : 2.0,
    "minResTime" : 1.0,
    "maxResTime" : 40.0,
    "pct1ResTime" : 7.0,
    "pct2ResTime" : 9.0,
    "pct3ResTime" : 40.0,
    "throughput" : 4.267668146124957,
    "receivedKBytesPerSec" : 20.746535186923865,
    "sentKBytesPerSec" : 2.6397861364800272
  }
}